id,name,email,city,area,type
int,string,string,string,string,string
1,Jeanette Rich,volutpat.nunc@tellusfaucibusleo.edu,Monterrey,Centro,Customer
2,Alexander Noble,aliquet.libero.integer@quam.edu,Guadalajara,Zapopan,Customer
3,Herrod Manning,libero.integer@donecfringilla.net,Guadalajara,Tlaquepaque,Customer
4,Kaitlin Hebert,lobortis.quis.pede@erosturpisnon.co.uk,Monterrey,Guadalupe,Customer
5,Nyssa Young,dictum@massavestibulum.edu,Monterrey,Guadalupe,Pharmacist
6,Amir Gill,gravida.mauris@gravida.co.uk,Guadalajara,Tlaquepaque,Pharmacist
7,Mira Mathis,sed@tellus.net,Mexico City,Santa Fe,Pharmacist
8,Erasmus Briggs,est@justopraesent.org,Monterrey,Centro,Pharmacist
9,Britanni Park,dis.parturient@sitamet.net,Mexico City,Santa Fe,Customer
10,Macaulay Horn,velit.dui@maecenasmi.ca,Mexico City,Huixquilucan,Pharmacist
11,Rigel Gutierrez,ante.vivamus@pharetraquisque.net,Mexico City,Santa Fe,Customer
12,Mohammad Navarro,donec.non@aliquamnislnulla.co.uk,Mexico City,Roma,Customer
13,Giselle Bauer,ipsum@nullamfeugiat.org,Guadalajara,Providencia,Customer
14,Murphy Floyd,ut.eros.non@nonenim.co.uk,Mexico City,Santa Fe,Pharmacist
15,Whilemina Brewer,vulputate@egestas.edu,Guadalajara,Tlaquepaque,Customer
16,Signe Ray,vel.pede@nullaintegervulputate.org,Guadalajara,Providencia,Pharmacist
17,Karen Estrada,fringilla.ornare@venenatisa.edu,Monterrey,Anahuac,Customer
18,Aimee Sullivan,pharetra.nibh.aliquam@per.co.uk,Guadalajara,Zapopan,Customer
19,Fuller Richardson,orci.luctus@rhoncusdonec.com,Mexico City,Huixquilucan,Customer
20,Nolan Luna,nascetur.ridiculus.mus@nullaeu.edu,Mexico City,Santa Fe,Customer
21,Paloma Ferrell,mus.proin@nisimauris.edu,Guadalajara,Tlaquepaque,Customer
22,Kitra Horne,augue.ut@amet.net,Guadalajara,Tlaquepaque,Customer
23,Oren Hughes,diam.sed@massamauris.ca,Guadalajara,Zapopan,Pharmacist
24,Rhona Beasley,tincidunt@massavestibulum.edu,Mexico City,Huixquilucan,Customer
25,Quintessa Melton,scelerisque.neque@quamdignissim.net,Mexico City,Benito Juarez,Pharmacist
26,Farrah Russell,eros.non@eutelluseu.edu,Guadalajara,Zapopan,Customer
27,Ava Hobbs,magna.sed@rutrum.org,Guadalajara,Zapopan,Customer
28,Charity Browning,eu@ipsumporta.edu,Guadalajara,Tlaquepaque,Pharmacist
29,Aileen Burch,diam.vel@duinectempus.ca,Guadalajara,Zapopan,Customer
30,Tobias Finch,pretium.et.rutrum@sitametluctus.ca,Mexico City,Santa Fe,Customer
31,Hoyt Downs,sit.amet@etmalesuadafames.com,Mexico City,Benito Juarez,Customer
32,Cleo Keith,sem@malesuadaut.co.uk,Mexico City,Huixquilucan,Pharmacist
33,Briar Cabrera,quam.dignissim.pharetra@luctuslobortis.edu,Monterrey,Anahuac,Customer
34,Lana Griffin,tellus.imperdiet@maurisintegersem.net,Guadalajara,Providencia,Customer
35,Evan Koch,semper.pretium.neque@nibhenimgravida.net,Monterrey,Guadalupe,Customer
36,Debra Henderson,cras@ametfaucibusut.org,Mexico City,Santa Fe,Customer
37,Hillary Hudson,quisque.imperdiet@aclibero.ca,Guadalajara,Tlaquepaque,Customer
38,Dale Weber,morbi.quis.urna@vestibulumanteipsum.org,Monterrey,Anahuac,Customer
39,Aristotle Tanner,sapien@duismienim.edu,Monterrey,Anahuac,Pharmacist
40,Davis Wolf,turpis@anteipsum.edu,Monterrey,Guadalupe,Customer
41,Price Aguilar,lobortis.class.aptent@magnanam.co.uk,Mexico City,Santa Fe,Pharmacist
42,Oliver Glass,dolor.dapibus.gravida@sitametorci.ca,Guadalajara,Zapopan,Pharmacist
43,Brock Stephenson,lorem.auctor@aarcused.co.uk,Monterrey,Guadalupe,Pharmacist
44,Alfreda Wallace,fringilla.cursus@ornare.co.uk,Monterrey,Anahuac,Customer
45,Jenette Calhoun,massa.suspendisse@augue.org,Mexico City,Roma,Customer
46,Nevada Rodriquez,ac@lorem.com,Monterrey,Centro,Customer
47,Summer Elliott,nullam.ut@metuseuerat.net,Monterrey,Anahuac,Pharmacist
48,Nichole Winters,suspendisse.dui.fusce@integerin.ca,Mexico City,Benito Juarez,Pharmacist
49,Neville Burks,mauris.sagittis.placerat@turpis.edu,Guadalajara,Zapopan,Pharmacist
50,Garth Williams,nonummy@ornarein.edu,Guadalajara,Tlaquepaque,Customer
51,Thor Payne,elit.elit@ut.co.uk,Guadalajara,Zapopan,Customer
52,Sean Underwood,nam.tempor.diam@lacusnullatincidunt.com,Monterrey,Guadalupe,Customer
53,Margaret Hartman,donec.vitae.erat@duifusce.co.uk,Mexico City,Huixquilucan,Customer
54,Elmo Becker,nunc@loremipsumdolor.ca,Guadalajara,Zapopan,Customer
55,Ferris Byrd,augue.malesuada@laoreetipsum.ca,Mexico City,Benito Juarez,Pharmacist
56,Aquila Ayers,duis@aenim.ca,Monterrey,Guadalupe,Customer
57,Yeo Berry,nisl.arcu.iaculis@ultricesposuere.co.uk,Monterrey,Guadalupe,Customer
58,Harrison Battle,sed@sagittisplaceratcras.net,Mexico City,Huixquilucan,Customer
59,Stone Hurley,dis@nonfeugiatnec.net,Mexico City,Roma,Pharmacist
60,Nerea Sloan,pellentesque@ornareplacerat.ca,Mexico City,Roma,Customer
61,Daniel Santana,aenean.sed.pede@scelerisquedui.ca,Monterrey,Centro,Pharmacist
62,Miranda Franks,sed@donec.co.uk,Guadalajara,Tlaquepaque,Pharmacist
63,Nola Roach,nunc.in.at@facilisisegetipsum.ca,Guadalajara,Zapopan,Customer
64,Quamar Underwood,morbi.quis@proinnonmassa.net,Monterrey,Guadalupe,Customer
65,Zia Douglas,sed.nec@maurismagnaduis.net,Guadalajara,Tlaquepaque,Customer
66,Warren Gordon,orci.tincidunt@quispede.ca,Mexico City,Roma,Customer
67,Garrett Chandler,eleifend.cras@scelerisqueneque.org,Mexico City,Huixquilucan,Pharmacist
68,Isabelle Wong,pellentesque.tellus@senectuset.ca,Mexico City,Roma,Pharmacist
69,Chantale Miles,adipiscing.elit.aliquam@fermentumvel.net,Mexico City,Huixquilucan,Customer
70,Nell Castillo,in@volutpatnulla.org,Mexico City,Santa Fe,Customer
71,Maris Barker,ut.sem@bibendumfermentummetus.com,Mexico City,Huixquilucan,Customer
72,Randall Golden,aenean.gravida@elementumsemvitae.org,Guadalajara,Providencia,Pharmacist
73,Zeus Montoya,sociosqu@tempuslorem.ca,Guadalajara,Tlaquepaque,Customer
74,Serina Hudson,libero.morbi@facilisismagna.ca,Mexico City,Santa Fe,Customer
75,Sigourney Dale,justo.faucibus@lobortisquam.com,Mexico City,Santa Fe,Customer
76,Charlotte Little,morbi.vehicula.pellentesque@malesuadavel.com,Mexico City,Huixquilucan,Customer
77,Ryder Richmond,erat.volutpat@pharetrafelis.edu,Guadalajara,Tlaquepaque,Customer
78,Ross Rich,felis.nulla@semperdui.net,Monterrey,Centro,Customer
79,Amethyst Walsh,nibh@etultrices.net,Guadalajara,Tlaquepaque,Customer
80,Baxter Burgess,ligula.eu@cursusetmagna.net,Guadalajara,Providencia,Customer
81,Eleanor Gutierrez,lorem.ipsum.sodales@tellus.com,Mexico City,Roma,Customer
82,Nero Farley,mus.proin@aptent.com,Monterrey,Centro,Pharmacist
83,Aiko Cantrell,sapien.cursus@gravidasit.co.uk,Guadalajara,Providencia,Customer
84,Wynter Barr,pellentesque@nulladignissimmaecenas.edu,Mexico City,Huixquilucan,Customer
85,Thane Parrish,et.netus.et@a.org,Mexico City,Santa Fe,Customer
86,Kelly Preston,semper.cursus@pretiumneque.co.uk,Monterrey,Guadalupe,Pharmacist
87,Garrett Rodriquez,elementum.dui@risusnulla.com,Monterrey,Anahuac,Customer
88,Cadman Pacheco,auctor.vitae.aliquet@vehicularisusnulla.ca,Guadalajara,Providencia,Pharmacist
89,Imelda Nicholson,adipiscing.mauris@pedepraesent.edu,Monterrey,Anahuac,Customer
90,Shelly Joyce,mus.aenean@faucibusidlibero.edu,Monterrey,Anahuac,Customer
91,Zelda Conner,diam.duis@convallis.co.uk,Monterrey,Guadalupe,Customer
92,Finn Ellis,rutrum@elitetiamlaoreet.com,Monterrey,Guadalupe,Customer
93,Nicole Rosales,consectetuer@consectetuercursuset.com,Monterrey,Centro,Customer
94,Erasmus Rios,elementum@aneque.org,Guadalajara,Providencia,Customer
95,Sawyer Drake,nisi@lacinia.co.uk,Mexico City,Huixquilucan,Customer
96,Callum Blair,adipiscing.enim.mi@tincidunttempus.edu,Mexico City,Roma,Pharmacist
97,Preston Fry,non.dui@quispede.org,Mexico City,Huixquilucan,Customer
98,Christian Curry,amet@atsem.edu,Monterrey,Anahuac,Pharmacist
99,Dalton Schwartz,aliquam@posuerecubilia.ca,Monterrey,Anahuac,Customer
100,Trevor Preston,purus.nullam.scelerisque@etpedenunc.org,Monterrey,Anahuac,Customer
